0,1,2,3,4,5,6,7,8,9,10,11,12,13
Coast Live Oak (Quercus agrifolia),Coast Live Oak (Quercus agrifolia),Coast Live Oak (Quercus agrifolia),Coast Live Oak (Quercus agrifolia),Coast Live Oak (Quercus agrifolia),Coast Live Oak (Quercus agrifolia),Coast Live Oak (Quercus agrifolia),Tree,"25 - 82 ft tall
15 - 35 ft wide",Rounded,"Moderate, Slow",Evergreen,None,"Yellow, Cream, Green"
California Fuchsia (Epilobium canum),California Fuchsia (Epilobium canum),California Fuchsia (Epilobium canum),California Fuchsia (Epilobium canum),California Fuchsia (Epilobium canum),California Fuchsia (Epilobium canum),California Fuchsia (Epilobium canum),Perennial herb,"0.25 - 1.5 ft tall
2-3 ft wide",Spreading,Fast,Winter Semi-Deciduous,None,Red
California Aster (Corethrogyne filaginifolia),California Aster (Corethrogyne filaginifolia),California Aster (Corethrogyne filaginifolia),California Aster (Corethrogyne filaginifolia),California Aster (Corethrogyne filaginifolia),California Aster (Corethrogyne filaginifolia),California Aster (Corethrogyne filaginifolia),Perennial herb,"0.7 - 3.3 ft tall
1 - 6 ft wide","Mounding, Spreading",Fast,Evergreen,None,"Pink, Purple, White"
Blue Elderberry (Sambucus mexicana),Blue Elderberry (Sambucus mexicana),Blue Elderberry (Sambucus mexicana),Blue Elderberry (Sambucus mexicana),Blue Elderberry (Sambucus mexicana),Blue Elderberry (Sambucus mexicana),Blue Elderberry (Sambucus mexicana),"Shrub, Tree","20 - 30 ft tall
20 - 30 ft wide",Fountain,Fast,Winter Deciduous,None,"Cream, Yellow, Purple"
Lemonade Berry (Rhus integrifolia),Lemonade Berry (Rhus integrifolia),Lemonade Berry (Rhus integrifolia),Lemonade Berry (Rhus integrifolia),Lemonade Berry (Rhus integrifolia),Lemonade Berry (Rhus integrifolia),Lemonade Berry (Rhus integrifolia),Shrub,"3 - 30 ft tall
3 - 20 ft wide","Mounding, Rounded","Fast, Moderate",Evergreen,None,"Pink, White"
Silver Lupine (Lupinus albifrons),Silver Lupine (Lupinus albifrons),Silver Lupine (Lupinus albifrons),Silver Lupine (Lupinus albifrons),Silver Lupine (Lupinus albifrons),Silver Lupine (Lupinus albifrons),Silver Lupine (Lupinus albifrons),Shrub,"3.2 - 5 ft tall
2 - 3 ft wide","Mounding, Spreading",Fast,Evergreen,Fragrant - Pleasant,"Blue, Lavender, Purple"
coffeeberry (Frangula californica),coffeeberry (Frangula californica),coffeeberry (Frangula californica),coffeeberry (Frangula californica),coffeeberry (Frangula californica),coffeeberry (Frangula californica),coffeeberry (Frangula californica),Shrub,"6 - 15 ft tall
5 - 15 Feet wide","Mounding, Rounded, Spreading",Moderate,Evergreen,None,"Cream, Green, White"
Farewell To Spring (Clarkia amoena),Farewell To Spring (Clarkia amoena),Farewell To Spring (Clarkia amoena),Farewell To Spring (Clarkia amoena),Farewell To Spring (Clarkia amoena),Farewell To Spring (Clarkia amoena),Farewell To Spring (Clarkia amoena),Annual herb,1.5 - 3.3 ft tall,Fast,"Lavender, Pink, Purple, Red","Spring, Summer","Bees, butterflies","*
White-lined Sphinx
Hyles lineata

*
Pacific Green Sphinx Moth
Proserpinus lucidus

*
Clark's Day Sphinx Moth
Proserpinus clarkiae

*
Mariposa Forester
Alypia mariposa

*
Aetole extraneella"
Giant Wildrye (Elymus condensatus),Giant Wildrye (Elymus condensatus),Giant Wildrye (Elymus condensatus),Giant Wildrye (Elymus condensatus),Giant Wildrye (Elymus condensatus),Giant Wildrye (Elymus condensatus),Giant Wildrye (Elymus condensatus),Grasses,"3 - 6 ft tall
2 - 8 ft wide","Fountain, Weeping",Moderate,Evergreen,None,Brown
Big Saltbush (Atriplex lentiformis),Big Saltbush (Atriplex lentiformis),Big Saltbush (Atriplex lentiformis),Big Saltbush (Atriplex lentiformis),Big Saltbush (Atriplex lentiformis),Big Saltbush (Atriplex lentiformis),Big Saltbush (Atriplex lentiformis),Shrub,"3.3 - 10 ft tall
10 ft wide","Upright, Mounding, Rounded","Fast, Moderate",Evergreen,"Yellow, Brown",Summer
coyote bush (Baccharis pilularis),coyote bush (Baccharis pilularis),coyote bush (Baccharis pilularis),coyote bush (Baccharis pilularis),coyote bush (Baccharis pilularis),coyote bush (Baccharis pilularis),coyote bush (Baccharis pilularis),Shrub,"1.5 - 10 ft tall
12 ft wide","Mounding, Spreading","Fast, Moderate",Evergreen,None,"Yellow, Cream, White"
Box Elder (Acer negundo),Box Elder (Acer negundo),Box Elder (Acer negundo),Box Elder (Acer negundo),Box Elder (Acer negundo),Box Elder (Acer negundo),Box Elder (Acer negundo),Tree,"35 - 66 ft tall
40 ft wide",Upright,Fast,Winter Deciduous,"White, Cream","Spring, Winter"
bush monkey flower (Diplacus aurantiacus),bush monkey flower (Diplacus aurantiacus),bush monkey flower (Diplacus aurantiacus),bush monkey flower (Diplacus aurantiacus),bush monkey flower (Diplacus aurantiacus),bush monkey flower (Diplacus aurantiacus),bush monkey flower (Diplacus aurantiacus),Shrub,"3.9 - 5 ft tall
5 ft wide","Mounding, Spreading",Moderate,Evergreen,None,"Orange, Yellow"
Scrub Oak (Quercus berberidifolia),Scrub Oak (Quercus berberidifolia),Scrub Oak (Quercus berberidifolia),Scrub Oak (Quercus berberidifolia),Scrub Oak (Quercus berberidifolia),Scrub Oak (Quercus berberidifolia),Scrub Oak (Quercus berberidifolia),"Tree, Shrub","15 - 19.7 ft tall
15 ft wide",Rounded,Slow,Evergreen,None,"Cream, Green, Yellow, Brown"
Mulefat (Baccharis salicifolia),Mulefat (Baccharis salicifolia),Mulefat (Baccharis salicifolia),Mulefat (Baccharis salicifolia),Mulefat (Baccharis salicifolia),Mulefat (Baccharis salicifolia),Mulefat (Baccharis salicifolia),Shrub,"6 - 12 ft tall
3 - 9 ft wide","Upright, Rounded, Upright Columnar",Fast,"Evergreen, Summer Semi-Deciduous",Slight,"Pink, White, Yellow"
Malva Rosa (Malva assurgentiflora),Malva Rosa (Malva assurgentiflora),Malva Rosa (Malva assurgentiflora),Malva Rosa (Malva assurgentiflora),Malva Rosa (Malva assurgentiflora),Malva Rosa (Malva assurgentiflora),Malva Rosa (Malva assurgentiflora),Shrub,"3.3 - 13 ft tall
5 - 10 ft wide","Mounding, Rounded",Fast,Evergreen,Fragrant - Pleasant,"Pink, Purple, Red"
Bush Poppy (Dendromecon rigida),Bush Poppy (Dendromecon rigida),Bush Poppy (Dendromecon rigida),Bush Poppy (Dendromecon rigida),Bush Poppy (Dendromecon rigida),Bush Poppy (Dendromecon rigida),Bush Poppy (Dendromecon rigida),Shrub,"3 - 10 ft tall
2 - 8 ft wide",Rounded,"Fast, Moderate",Evergreen,Slight,Yellow
Bush Sunflower (Encelia californica),Bush Sunflower (Encelia californica),Bush Sunflower (Encelia californica),Bush Sunflower (Encelia californica),Bush Sunflower (Encelia californica),Bush Sunflower (Encelia californica),Bush Sunflower (Encelia californica),Shrub,"1.6 - 5 ft tall
3 - 7 ft wide","Mounding, Rounded",Fast,"Summer Semi-Deciduous,","Fragrant - Pleasant, Slight","Brown, Purple, Yellow"
Sea Cliff Buckwheat (Eriogonum parvifolium),Sea Cliff Buckwheat (Eriogonum parvifolium),Sea Cliff Buckwheat (Eriogonum parvifolium),Sea Cliff Buckwheat (Eriogonum parvifolium),Sea Cliff Buckwheat (Eriogonum parvifolium),Sea Cliff Buckwheat (Eriogonum parvifolium),Sea Cliff Buckwheat (Eriogonum parvifolium),Shrub,"1 - 3.3 ft tall
2 - 3 ft wide","Mounding, Spreading",Moderate,Evergreen,Slight,"Pink, Red, White, Yellow, Green"
Purple Sage (Salvia leucophylla),Purple Sage (Salvia leucophylla),Purple Sage (Salvia leucophylla),Purple Sage (Salvia leucophylla),Purple Sage (Salvia leucophylla),Purple Sage (Salvia leucophylla),Purple Sage (Salvia leucophylla),Shrub,"2 - 5 ft tall
3 - 10 ft wide","Mounding, Rounded, Spreading",Fast,"Evergreen, Summer Semi-Deciduous",Fragrant - Pleasant,"Purple, Lavender, Pink"
California poppy (Eschscholzia californica),California poppy (Eschscholzia californica),California poppy (Eschscholzia californica),California poppy (Eschscholzia californica),California poppy (Eschscholzia californica),California poppy (Eschscholzia californica),California poppy (Eschscholzia californica),"Annual herb, Perennial herb","0.16 - 2 ft tall
1 - 2 ft wide","Upright, Mounding, Rounded","Fast, Moderate",Summer Deciduous,Slight,"Orange, Yellow"
California Sagebrush (Artemisia californica),California Sagebrush (Artemisia californica),California Sagebrush (Artemisia californica),California Sagebrush (Artemisia californica),California Sagebrush (Artemisia californica),California Sagebrush (Artemisia californica),California Sagebrush (Artemisia californica),Shrub,"1 - 8 ft tall
4 ft wide","Mounding, Rounded, Spreading",Fast,Summer Deciduous,Fragrant - Pleasant,"Cream, White, Yellow"
California Wildrose (Rosa californica),California Wildrose (Rosa californica),California Wildrose (Rosa californica),California Wildrose (Rosa californica),California Wildrose (Rosa californica),California Wildrose (Rosa californica),California Wildrose (Rosa californica),Shrub,"8 - 10 ft tall
10 ft wide","Rounded, Mounding, Spreading","Moderate, Fast",Winter Deciduous,Fragrant - Pleasant,"Red, Pink, White"
Golden Yarrow (Eriophyllum confertiflorum),Golden Yarrow (Eriophyllum confertiflorum),Golden Yarrow (Eriophyllum confertiflorum),Golden Yarrow (Eriophyllum confertiflorum),Golden Yarrow (Eriophyllum confertiflorum),Golden Yarrow (Eriophyllum confertiflorum),Golden Yarrow (Eriophyllum confertiflorum),"Annual herb, Perennial herb, Shrub","1.6 - 2.3 ft tall
1.5 ft wide",Upright Columnar,Moderate,"Summer Semi-Deciduous, Winter Deciduous",Yellow,"Winter, Spring, Summer"
Purple Needlegrass (Stipa pulchra),Purple Needlegrass (Stipa pulchra),Purple Needlegrass (Stipa pulchra),Purple Needlegrass (Stipa pulchra),Purple Needlegrass (Stipa pulchra),Purple Needlegrass (Stipa pulchra),Purple Needlegrass (Stipa pulchra),Grass,"3.3 ft tall
1.5 ft wide",Fountain,"Moderate, Slow",Evergreen,None,"Cream, Green, Purple, Red"
Common Yarrow (Achillea millefolium),Common Yarrow (Achillea millefolium),Common Yarrow (Achillea millefolium),Common Yarrow (Achillea millefolium),Common Yarrow (Achillea millefolium),Common Yarrow (Achillea millefolium),Common Yarrow (Achillea millefolium),Perennial herb,"1 - 3 ft tall
.5 - 1.5 ft wide","Upright, Spreading","Fast, Moderate","Evergreen, Summer Deciduous, Summer Semi-Deciduous",Fragrant - Pleasant,"White, Yellow"
Hollyleaf Cherry (Prunus ilicifolia),Hollyleaf Cherry (Prunus ilicifolia),Hollyleaf Cherry (Prunus ilicifolia),Hollyleaf Cherry (Prunus ilicifolia),Hollyleaf Cherry (Prunus ilicifolia),Hollyleaf Cherry (Prunus ilicifolia),Hollyleaf Cherry (Prunus ilicifolia),Tree,"30 - 49.2 ft tall
20 ft wide","Rounded, Upright Columnar","Fast, Moderate",Evergreen,"Cream, White","Winter, Spring"
Arroyo Willow (Salix lasiolepis),Arroyo Willow (Salix lasiolepis),Arroyo Willow (Salix lasiolepis),Arroyo Willow (Salix lasiolepis),Arroyo Willow (Salix lasiolepis),Arroyo Willow (Salix lasiolepis),Arroyo Willow (Salix lasiolepis),"Tree, Shrub","7 - 35 ft tall
15 ft wide","Upright, Rounded, Upright Columnar","Fast, Moderate",Winter Deciduous,"Cream, Yellow","Winter, Spring"
Seep Monkey Flower (Erythranthe guttata),Seep Monkey Flower (Erythranthe guttata),Seep Monkey Flower (Erythranthe guttata),Seep Monkey Flower (Erythranthe guttata),Seep Monkey Flower (Erythranthe guttata),Seep Monkey Flower (Erythranthe guttata),Seep Monkey Flower (Erythranthe guttata),"Annual herb, Perennial herb","2 - 5 ft tall
0.6 ft wide",Upright,Fast,Winter Deciduous,None,Yellow
Wild Cucumber (Marah fabacea),Wild Cucumber (Marah fabacea),Wild Cucumber (Marah fabacea),Wild Cucumber (Marah fabacea),Wild Cucumber (Marah fabacea),Wild Cucumber (Marah fabacea),Wild Cucumber (Marah fabacea),"Vine, Perennial herb",18 ft tall,"Fast, Moderate",Summer Semi-Deciduous,"Orange, White, Yellow",Spring,
Low Barley (Hordeum depressum),Low Barley (Hordeum depressum),Low Barley (Hordeum depressum),Low Barley (Hordeum depressum),Low Barley (Hordeum depressum),Low Barley (Hordeum depressum),Low Barley (Hordeum depressum),Grasses,1.8 ft tall,Brwon,,"*
White-lined Sphinx
Hyles lineata

*
Alfalfa Looper Moth
Autographa californica

*
Venerable Dart
Agrotis venerabilis

*
Armyworm Moth
Mythimna unipuncta

*
Bilobed Looper Moth
Megalographa biloba

*
Glassy Borer
Apamea devastator","White-lined Sphinx
Hyles lineata","Alfalfa Looper Moth
Autographa californica"
Dwarf Brodiaea (Brodiaea jolonensis),Dwarf Brodiaea (Brodiaea jolonensis),Dwarf Brodiaea (Brodiaea jolonensis),Dwarf Brodiaea (Brodiaea jolonensis),Dwarf Brodiaea (Brodiaea jolonensis),Dwarf Brodiaea (Brodiaea jolonensis),Dwarf Brodiaea (Brodiaea jolonensis),Perennial herb,6 in tall,"Blue, Lavender, Purple",Spring,,"*
White-lined Sphinx
Hyles lineata","White-lined Sphinx
Hyles lineata"
Monterey Cypress (Hesperocyparis macrocarpa),Monterey Cypress (Hesperocyparis macrocarpa),Monterey Cypress (Hesperocyparis macrocarpa),Monterey Cypress (Hesperocyparis macrocarpa),Monterey Cypress (Hesperocyparis macrocarpa),Monterey Cypress (Hesperocyparis macrocarpa),Monterey Cypress (Hesperocyparis macrocarpa),Tree,59.1 - 82 ft tall,,"*
White-lined Sphinx
Hyles lineata","White-lined Sphinx
Hyles lineata","Full Sun, Part Shade",Carried by 9
Beach Morning Glory (Calystegia soldanella),Beach Morning Glory (Calystegia soldanella),Beach Morning Glory (Calystegia soldanella),Beach Morning Glory (Calystegia soldanella),Beach Morning Glory (Calystegia soldanella),Beach Morning Glory (Calystegia soldanella),Beach Morning Glory (Calystegia soldanella),"Perennial herb, Vine","3 - 4 in tall
2 - 3 ft wide",Spreading,Evergreen,"White, Pink, Lavender","Spring, Summer, Fall",
Tomcat Clover (Trifolium willdenovii),Tomcat Clover (Trifolium willdenovii),Tomcat Clover (Trifolium willdenovii),Tomcat Clover (Trifolium willdenovii),Tomcat Clover (Trifolium willdenovii),Tomcat Clover (Trifolium willdenovii),Tomcat Clover (Trifolium willdenovii),Annual herb,Lavender,Spring,,"*
Gray Hairstreak
Strymon melinus

*
Orange Sulphur
Colias eurytheme

*
Southern Dogface
Zerene cesonia

*
Shasta Blue
Icaricia shasta

*
Greenish Blue
Icaricia saepiolus

*
Persius Duskywing
Erynnis persius","Gray Hairstreak
Strymon melinus","Orange Sulphur
Colias eurytheme"
Coast Morning Glory (Calystegia macrostegia ssp. cyclostegia),Coast Morning Glory (Calystegia macrostegia ssp. cyclostegia),Coast Morning Glory (Calystegia macrostegia ssp. cyclostegia),Coast Morning Glory (Calystegia macrostegia ssp. cyclostegia),Coast Morning Glory (Calystegia macrostegia ssp. cyclostegia),Coast Morning Glory (Calystegia macrostegia ssp. cyclostegia),Coast Morning Glory (Calystegia macrostegia ssp. cyclostegia),"Perennial herb, Shrub, Vine",White,"Winter, Spring, Summer",,"*
White-lined Sphinx
Hyles lineata

*
Morning-glory Plume Moth
Emmelina monodactyla

*
Yellowstriped Armyworm Moth
Spodoptera ornithogalli

*
Orange Tortrix Moth
Argyrotaenia franciscana","White-lined Sphinx
Hyles lineata","Morning-glory Plume Moth
Emmelina monodactyla"
California Fuchsia (Epilobium canum ssp. canum),California Fuchsia (Epilobium canum ssp. canum),California Fuchsia (Epilobium canum ssp. canum),California Fuchsia (Epilobium canum ssp. canum),California Fuchsia (Epilobium canum ssp. canum),California Fuchsia (Epilobium canum ssp. canum),California Fuchsia (Epilobium canum ssp. canum),Perennial herb,3 ft tall,Red,"Summer, Fall",,"*
White-lined Sphinx
Hyles lineata

*
Black-Banded Carpet
Antepirrhoe semiatrata

*
Elegant Aristotelia Moth
Aristotelia elegantella

*
Ornate Moth
Utetheisa ornatrix

*
Clark's Day Sphinx Moth
Proserpinus clarkiae

*
Double-Banded Carpet
Spargania magnoliata","White-lined Sphinx
Hyles lineata"
Pacific Potentilla (Potentilla anserina ssp. pacifica),Pacific Potentilla (Potentilla anserina ssp. pacifica),Pacific Potentilla (Potentilla anserina ssp. pacifica),Pacific Potentilla (Potentilla anserina ssp. pacifica),Pacific Potentilla (Potentilla anserina ssp. pacifica),Pacific Potentilla (Potentilla anserina ssp. pacifica),Pacific Potentilla (Potentilla anserina ssp. pacifica),Perennial herb,Yellow,Spring,,"*
Edith's Copper
Lycaena editha

*
Two-banded Checkered-Skipper
Pyrgus ruralis

*
Purplish Copper
Lycaena helloides

*
White-lined Sphinx
Hyles lineata

*
Elegant Sheepmoth
Hemileuca eglanterina

*
Sulphur Moth
Hesperumia sulphuraria","Edith's Copper
Lycaena editha","Two-banded Checkered-Skipper
Pyrgus ruralis"
Bitter Gooseberry (Ribes amarum),Bitter Gooseberry (Ribes amarum),Bitter Gooseberry (Ribes amarum),Bitter Gooseberry (Ribes amarum),Bitter Gooseberry (Ribes amarum),Bitter Gooseberry (Ribes amarum),Bitter Gooseberry (Ribes amarum),Shrub,3.3 - 6.6 ft tall,Winter Deciduous,"Red, White, Pink, Purple",Spring,,"*
Hoary Comma
Polygonia gracilis

*
Milbert's Tortoiseshell
Aglais milberti

*
Satyr Comma
Polygonia satyrus

*
Green Comma
Polygonia faunus

*
Tailed Copper
Lycaena arota

*
Oreas Comma
Polygonia oreas"
Douglas' Nightshade (Solanum douglasii),Douglas' Nightshade (Solanum douglasii),Douglas' Nightshade (Solanum douglasii),Douglas' Nightshade (Solanum douglasii),Douglas' Nightshade (Solanum douglasii),Douglas' Nightshade (Solanum douglasii),Douglas' Nightshade (Solanum douglasii),Perennial herb,3.5 - 7 ft tall,"White, Lavender","Winter, Spring, Summer, Fall",,"*
White-lined Sphinx
Hyles lineata

*
Alfalfa Looper Moth
Autographa californica

*
Carolina Sphinx
Manduca sexta

*
Armyworm Moth
Mythimna unipuncta

*
Subterranean Dart
Feltia subterranea

*
Isabella Tiger Moth
Pyrrharctia isabella","White-lined Sphinx
Hyles lineata"
Parish's Pickleweed (Arthrocnemum subterminale),Parish's Pickleweed (Arthrocnemum subterminale),Parish's Pickleweed (Arthrocnemum subterminale),Parish's Pickleweed (Arthrocnemum subterminale),Parish's Pickleweed (Arthrocnemum subterminale),Parish's Pickleweed (Arthrocnemum subterminale),Parish's Pickleweed (Arthrocnemum subterminale),Perennial herb,0.33 - 1 ft tall,,"*
White-lined Sphinx
Hyles lineata","White-lined Sphinx
Hyles lineata",Full Sun,Moderate - High
Pinpoint Clover (Trifolium gracilentum),Pinpoint Clover (Trifolium gracilentum),Pinpoint Clover (Trifolium gracilentum),Pinpoint Clover (Trifolium gracilentum),Pinpoint Clover (Trifolium gracilentum),Pinpoint Clover (Trifolium gracilentum),Pinpoint Clover (Trifolium gracilentum),Annual herb,"Purple, Pink",Spring,,"*
Gray Hairstreak
Strymon melinus

*
Orange Sulphur
Colias eurytheme

*
Southern Dogface
Zerene cesonia

*
Shasta Blue
Icaricia shasta

*
Greenish Blue
Icaricia saepiolus

*
Persius Duskywing
Erynnis persius","Gray Hairstreak
Strymon melinus","Orange Sulphur
Colias eurytheme"
Seablite (Suaeda taxifolia),Seablite (Suaeda taxifolia),Seablite (Suaeda taxifolia),Seablite (Suaeda taxifolia),Seablite (Suaeda taxifolia),Seablite (Suaeda taxifolia),Seablite (Suaeda taxifolia),Shrub,5 ft tall,"Yellow, Red",,"*
Western Pygmy Blue
Brephidium exilis

*
White-lined Sphinx
Hyles lineata","Western Pygmy Blue
Brephidium exilis","White-lined Sphinx
Hyles lineata"
Meadow Barley (Hordeum brachyantherum ssp. brachyantherum),Meadow Barley (Hordeum brachyantherum ssp. brachyantherum),Meadow Barley (Hordeum brachyantherum ssp. brachyantherum),Meadow Barley (Hordeum brachyantherum ssp. brachyantherum),Meadow Barley (Hordeum brachyantherum ssp. brachyantherum),Meadow Barley (Hordeum brachyantherum ssp. brachyantherum),Meadow Barley (Hordeum brachyantherum ssp. brachyantherum),Grasses,3 ft tall,Brown,,"*
White-lined Sphinx
Hyles lineata

*
Alfalfa Looper Moth
Autographa californica

*
Venerable Dart
Agrotis venerabilis

*
Armyworm Moth
Mythimna unipuncta

*
Bilobed Looper Moth
Megalographa biloba

*
Bronzed Cutworm
Nephelodes minians","White-lined Sphinx
Hyles lineata","Alfalfa Looper Moth
Autographa californica"
Willow Dock (Rumex salicifolius),Willow Dock (Rumex salicifolius),Willow Dock (Rumex salicifolius),Willow Dock (Rumex salicifolius),Willow Dock (Rumex salicifolius),Willow Dock (Rumex salicifolius),Willow Dock (Rumex salicifolius),Perennial Herb,1 - 3 ft tall,,"Gray Hairstreak
Strymon melinus

Purplish Copper
Lycaena helloides

Ruddy Copper
Lycaena rubidus

Great Copper
Lycaena xanthoides

*
Edith's Copper
Lycaena editha

*
American Copper
Lycaena phlaeas","Gray Hairstreak
Strymon melinus","Purplish Copper
Lycaena helloides","Ruddy Copper
Lycaena rubidus"
Brownhead Rush (Juncus phaeocephalus),Brownhead Rush (Juncus phaeocephalus),Brownhead Rush (Juncus phaeocephalus),Brownhead Rush (Juncus phaeocephalus),Brownhead Rush (Juncus phaeocephalus),Brownhead Rush (Juncus phaeocephalus),Brownhead Rush (Juncus phaeocephalus),Grasses,0.8 - 1.6 ft tall,Brown,,"*
White-lined Sphinx
Hyles lineata

*
Red Swordgrass Moth
Xylena nupera

*
Yellow-Collared Scape Moth
Cisseps fulvicollis

*
Javelin Moth
Bactra verutana

*
Mottled Marble
Bactra furfurana

*
Thopeutis forbesellus","White-lined Sphinx
Hyles lineata","Red Swordgrass Moth
Xylena nupera"
Southern Cattail (Typha domingensis),Southern Cattail (Typha domingensis),Southern Cattail (Typha domingensis),Southern Cattail (Typha domingensis),Southern Cattail (Typha domingensis),Southern Cattail (Typha domingensis),Southern Cattail (Typha domingensis),Perennial herb,13 ft tall,,"*
White-lined Sphinx
Hyles lineata

*
Verbena Bud Moth
Endothenia hebesana

*
Oblong Sedge Borer Moth
Capsula oblonga

*
Oblique-Banded Leafroller Moth
Choristoneura rosaceana

*
Cattail Border Moth
Bellura obliqua

*
Bactra maiorina","White-lined Sphinx
Hyles lineata","Verbena Bud Moth
Endothenia hebesana","Oblong Sedge Borer Moth
Capsula oblonga"
Estuary Seablite (Suaeda esteroa),Estuary Seablite (Suaeda esteroa),Estuary Seablite (Suaeda esteroa),Estuary Seablite (Suaeda esteroa),Estuary Seablite (Suaeda esteroa),Estuary Seablite (Suaeda esteroa),Estuary Seablite (Suaeda esteroa),Perennial herb,0.33 - 2 ft tall,,"*
Western Pygmy Blue
Brephidium exilis

*
White-lined Sphinx
Hyles lineata","Western Pygmy Blue
Brephidium exilis","White-lined Sphinx
Hyles lineata",Moderate - High
Shore Grass (Distichlis littoralis),Shore Grass (Distichlis littoralis),Shore Grass (Distichlis littoralis),Shore Grass (Distichlis littoralis),Shore Grass (Distichlis littoralis),Shore Grass (Distichlis littoralis),Shore Grass (Distichlis littoralis),Grasses,Brown,,"*
Sandhill Skipper
Polites sabuleti

*
Wandering Skipper
Panoquina errans

*
Sachem
Atalopedes campestris

*
White-lined Sphinx
Hyles lineata

*
Armyworm Moth
Mythimna unipuncta","Sandhill Skipper
Polites sabuleti","Wandering Skipper
Panoquina errans","Sachem
Atalopedes campestris"
Coyote Brush (Baccharis pilularis ssp. consanguinea),Coyote Brush (Baccharis pilularis ssp. consanguinea),Coyote Brush (Baccharis pilularis ssp. consanguinea),Coyote Brush (Baccharis pilularis ssp. consanguinea),Coyote Brush (Baccharis pilularis ssp. consanguinea),Coyote Brush (Baccharis pilularis ssp. consanguinea),Coyote Brush (Baccharis pilularis ssp. consanguinea),Shrub,3.5 - 7 ft tall,Evergreen,"Cream, White",,"*
Gabb's Checkerspot
Chlosyne gabbii

*
Fatal Metalmark
Calephelis nemesis

*
White-lined Sphinx
Hyles lineata

*
Coyote Brush Gall Moth
Gnorimoschema baccharisella

*
Salt Marsh Moth or Acrea Moth
Estigmene acrea

*
Common Gray
Anavitrinella pampinaria","Gabb's Checkerspot
Chlosyne gabbii"
Bush Monkey Flower (Mimulus aurantiacus var. aurantiacus),Bush Monkey Flower (Mimulus aurantiacus var. aurantiacus),Bush Monkey Flower (Mimulus aurantiacus var. aurantiacus),Bush Monkey Flower (Mimulus aurantiacus var. aurantiacus),Bush Monkey Flower (Mimulus aurantiacus var. aurantiacus),Bush Monkey Flower (Mimulus aurantiacus var. aurantiacus),Bush Monkey Flower (Mimulus aurantiacus var. aurantiacus),Shrub,0.33 - 4.9 ft tall,"Yellow, Cream",,"*
Common Buckeye
Junonia coenia

*
Variable Checkerspot
Euphydryas chalcedona

*
Mylitta Crescent
Phyciodes mylitta

*
Edith's Checkerspot
Euphydryas editha

*
White-lined Sphinx
Hyles lineata

*
Bilobed Looper Moth
Megalographa biloba","Common Buckeye
Junonia coenia","Variable Checkerspot
Euphydryas chalcedona"
Early Harvest Brodiaea (Brodiaea coronaria),Early Harvest Brodiaea (Brodiaea coronaria),Early Harvest Brodiaea (Brodiaea coronaria),Early Harvest Brodiaea (Brodiaea coronaria),Early Harvest Brodiaea (Brodiaea coronaria),Early Harvest Brodiaea (Brodiaea coronaria),Early Harvest Brodiaea (Brodiaea coronaria),Perennial herb,9.8 in tall,"Blue, Lavender, Purple",Spring,,"*
White-lined Sphinx
Hyles lineata","White-lined Sphinx
Hyles lineata"
Small Flowered Evening Primrose (Camissoniopsis micrantha),Small Flowered Evening Primrose (Camissoniopsis micrantha),Small Flowered Evening Primrose (Camissoniopsis micrantha),Small Flowered Evening Primrose (Camissoniopsis micrantha),Small Flowered Evening Primrose (Camissoniopsis micrantha),Small Flowered Evening Primrose (Camissoniopsis micrantha),Small Flowered Evening Primrose (Camissoniopsis micrantha),Annual herb,1 - 2 ft tall,Yellow,,"*
White-lined Sphinx
Hyles lineata

*
Pacific Green Sphinx Moth
Proserpinus lucidus

*
Phaeton Primrose Sphinx Moth
Euproserpinus phaeton

*
Ridings' Forester Moth
Alypia ridingsii

*
Clark's Day Sphinx Moth
Proserpinus clarkiae","White-lined Sphinx
Hyles lineata","Pacific Green Sphinx Moth
Proserpinus lucidus"
Peppergrass (Lepidium nitidum),Peppergrass (Lepidium nitidum),Peppergrass (Lepidium nitidum),Peppergrass (Lepidium nitidum),Peppergrass (Lepidium nitidum),Peppergrass (Lepidium nitidum),Peppergrass (Lepidium nitidum),Annual herb,1.3 ft tall,White,,"*
Checkered White
Pontia protodice

*
Becker's White
Pontia beckerii

*
Western White
Pontia occidentalis

*
Large Marble
Euchloe ausonides

*
Pearly Marble
Euchloe hyantis

*
Desert Marble
Euchloe lotta","Checkered White
Pontia protodice","Becker's White
Pontia beckerii"
Dunedelion (Malacothrix incana),Dunedelion (Malacothrix incana),Dunedelion (Malacothrix incana),Dunedelion (Malacothrix incana),Dunedelion (Malacothrix incana),Dunedelion (Malacothrix incana),Dunedelion (Malacothrix incana),Perennial herb,2.3 ft tall,Yellow,"Winter, Spring, Summer, Fall",,"*
White-lined Sphinx
Hyles lineata

*
Alfalfa Looper Moth
Autographa californica

*
Heliolonche joaquinensis","White-lined Sphinx
Hyles lineata"
Matscale (Atriplex watsonii),Matscale (Atriplex watsonii),Matscale (Atriplex watsonii),Matscale (Atriplex watsonii),Matscale (Atriplex watsonii),Matscale (Atriplex watsonii),Matscale (Atriplex watsonii),Perennial herb,3.3 ft tall,Green,,"*
Common Sootywing
Pholisora catullus

*
Western Pygmy Blue
Brephidium exilis

*
Mohave Sootywing
Hesperopsis libya

*
San Emigdio Blue
Plebejus emigdionis

*
White-lined Sphinx
Hyles lineata

*
Western Tussock Moth
Orgyia vetusta","Common Sootywing
Pholisora catullus","Western Pygmy Blue
Brephidium exilis"
Watercress (Nasturtium officinale),Watercress (Nasturtium officinale),Watercress (Nasturtium officinale),Watercress (Nasturtium officinale),Watercress (Nasturtium officinale),Watercress (Nasturtium officinale),Watercress (Nasturtium officinale),Perennial herb,Evergreen,"White, Green","Spring, Summer, Fall",,"*
Sara Orangetip
Anthocharis sara

*
Margined White
Pieris marginalis

*
White-lined Sphinx
Hyles lineata

*
Corn Earworm Moth
Helicoverpa zea

*
Salt Marsh Moth or Acrea Moth
Estigmene acrea

*
Labrador Carpet
Xanthorhoe labradorensis","Sara Orangetip
Anthocharis sara"
Tractscale (Atriplex serenana),Tractscale (Atriplex serenana),Tractscale (Atriplex serenana),Tractscale (Atriplex serenana),Tractscale (Atriplex serenana),Tractscale (Atriplex serenana),Tractscale (Atriplex serenana),Annual herb,1 - 3.3 ft tall,Green,,"Western Pygmy Blue
Brephidium exilis

*
Common Sootywing
Pholisora catullus

*
Mohave Sootywing
Hesperopsis libya

*
San Emigdio Blue
Plebejus emigdionis

*
White-lined Sphinx
Hyles lineata

*
Western Tussock Moth
Orgyia vetusta","Western Pygmy Blue
Brephidium exilis","Common Sootywing
Pholisora catullus"
Hairy Lotus (Acmispon strigosus),Hairy Lotus (Acmispon strigosus),Hairy Lotus (Acmispon strigosus),Hairy Lotus (Acmispon strigosus),Hairy Lotus (Acmispon strigosus),Hairy Lotus (Acmispon strigosus),Hairy Lotus (Acmispon strigosus),Annual herb,0.1 - 1.6 ft tall,"Yellow, Orange, Red",,"*
Orange Sulphur
Colias eurytheme

*
Avalon Hairstreak
Strymon avalona

*
White-lined Sphinx
Hyles lineata","Orange Sulphur
Colias eurytheme","Avalon Hairstreak
Strymon avalona"
Silver Saltweed (Atriplex argentea),Silver Saltweed (Atriplex argentea),Silver Saltweed (Atriplex argentea),Silver Saltweed (Atriplex argentea),Silver Saltweed (Atriplex argentea),Silver Saltweed (Atriplex argentea),Silver Saltweed (Atriplex argentea),Annual herb,0.49 - 2.6 ft tall,,"*
Common Sootywing
Pholisora catullus

*
Western Pygmy Blue
Brephidium exilis

*
Mohave Sootywing
Hesperopsis libya

*
San Emigdio Blue
Plebejus emigdionis

*
White-lined Sphinx
Hyles lineata

*
Western Tussock Moth
Orgyia vetusta","Common Sootywing
Pholisora catullus","Western Pygmy Blue
Brephidium exilis","Mohave Sootywing
Hesperopsis libya"
Common Lippia (Phyla nodiflora),Common Lippia (Phyla nodiflora),Common Lippia (Phyla nodiflora),Common Lippia (Phyla nodiflora),Common Lippia (Phyla nodiflora),Common Lippia (Phyla nodiflora),Common Lippia (Phyla nodiflora),Perennial herb,2.4 - 6 in tall,Spreading,Fast,White,,"Common Buckeye
Junonia coenia

Phaon Crescent
Phyciodes phaon

*
White-lined Sphinx
Hyles lineata

*
Subterranean Dart
Feltia subterranea"
Beach Evening Primrose (Camissoniopsis cheiranthifolia ssp. cheiranthifolia),Beach Evening Primrose (Camissoniopsis cheiranthifolia ssp. cheiranthifolia),Beach Evening Primrose (Camissoniopsis cheiranthifolia ssp. cheiranthifolia),Beach Evening Primrose (Camissoniopsis cheiranthifolia ssp. cheiranthifolia),Beach Evening Primrose (Camissoniopsis cheiranthifolia ssp. cheiranthifolia),Beach Evening Primrose (Camissoniopsis cheiranthifolia ssp. cheiranthifolia),Beach Evening Primrose (Camissoniopsis cheiranthifolia ssp. cheiranthifolia),"Annual herb, Perennial herb",Yellow,,"*
White-lined Sphinx
Hyles lineata

*
Pacific Green Sphinx Moth
Proserpinus lucidus

*
Phaeton Primrose Sphinx Moth
Euproserpinus phaeton

*
Ridings' Forester Moth
Alypia ridingsii

*
Clark's Day Sphinx Moth
Proserpinus clarkiae","White-lined Sphinx
Hyles lineata","Pacific Green Sphinx Moth
Proserpinus lucidus","Phaeton Primrose Sphinx Moth
Euproserpinus phaeton"
Ajuga Hedge Nettle (Stachys ajugoides),Ajuga Hedge Nettle (Stachys ajugoides),Ajuga Hedge Nettle (Stachys ajugoides),Ajuga Hedge Nettle (Stachys ajugoides),Ajuga Hedge Nettle (Stachys ajugoides),Ajuga Hedge Nettle (Stachys ajugoides),Ajuga Hedge Nettle (Stachys ajugoides),Perennial herb,0.33 - 1 ft tall,Pink,,"*
Variable Checkerspot
Euphydryas chalcedona

*
Variegated Fritillary
Euptoieta claudia

*
White-lined Sphinx
Hyles lineata

*
Bilobed Looper Moth
Megalographa biloba

*
Corn Earworm Moth
Helicoverpa zea

*
Garden Tortrix Moth
Clepsis peritana","Variable Checkerspot
Euphydryas chalcedona","Variegated Fritillary
Euptoieta claudia"
Cliff Desertdandelion (Malacothrix saxatilis var. saxatilis),Cliff Desertdandelion (Malacothrix saxatilis var. saxatilis),Cliff Desertdandelion (Malacothrix saxatilis var. saxatilis),Cliff Desertdandelion (Malacothrix saxatilis var. saxatilis),Cliff Desertdandelion (Malacothrix saxatilis var. saxatilis),Cliff Desertdandelion (Malacothrix saxatilis var. saxatilis),Cliff Desertdandelion (Malacothrix saxatilis var. saxatilis),Perennial herb,2 ft tall,"Lavender, Yellow, White","Spring, Summer, Fall",,"*
White-lined Sphinx
Hyles lineata

*
Alfalfa Looper Moth
Autographa californica

*
Cucullia comstocki

*
Heliolonche joaquinensis","White-lined Sphinx
Hyles lineata"
Bicolored Everlasting (Pseudognaphalium biolettii),Bicolored Everlasting (Pseudognaphalium biolettii),Bicolored Everlasting (Pseudognaphalium biolettii),Bicolored Everlasting (Pseudognaphalium biolettii),Bicolored Everlasting (Pseudognaphalium biolettii),Bicolored Everlasting (Pseudognaphalium biolettii),Bicolored Everlasting (Pseudognaphalium biolettii),Perennial herb,4 ft tall,"Cream, White","Winter, Spring",,"*
American Lady
Vanessa virginiensis

*
White-lined Sphinx
Hyles lineata

*
Everlasting Tebenna Moth
Tebenna gnaphaliella

*
Hellinsia phoebus

*
Scrobipalpula psilella

*
Everlasting Bud Moth
Eublemma minima","American Lady
Vanessa virginiensis"
Silverscale (Atriplex argentea var. expansa),Silverscale (Atriplex argentea var. expansa),Silverscale (Atriplex argentea var. expansa),Silverscale (Atriplex argentea var. expansa),Silverscale (Atriplex argentea var. expansa),Silverscale (Atriplex argentea var. expansa),Silverscale (Atriplex argentea var. expansa),Annual herb,0.49 - 2.6 ft tall,,"*
Common Sootywing
Pholisora catullus

*
Western Pygmy Blue
Brephidium exilis

*
Mohave Sootywing
Hesperopsis libya

*
San Emigdio Blue
Plebejus emigdionis

*
White-lined Sphinx
Hyles lineata

*
Western Tussock Moth
Orgyia vetusta","Common Sootywing
Pholisora catullus","Western Pygmy Blue
Brephidium exilis","Mohave Sootywing
Hesperopsis libya"
Menzies' Fiddleneck (Amsinckia menziesii),Menzies' Fiddleneck (Amsinckia menziesii),Menzies' Fiddleneck (Amsinckia menziesii),Menzies' Fiddleneck (Amsinckia menziesii),Menzies' Fiddleneck (Amsinckia menziesii),Menzies' Fiddleneck (Amsinckia menziesii),Menzies' Fiddleneck (Amsinckia menziesii),Annual herb,0.7 - 3.9 ft tall,Upright,Fast,Yellow,"Spring, Winter","Goldfinches relish the seeds. Flowers earlier than many other annuals, providing key early season resources for pollinators."
Chilean Cudweed (Pseudognaphalium stramineum),Chilean Cudweed (Pseudognaphalium stramineum),Chilean Cudweed (Pseudognaphalium stramineum),Chilean Cudweed (Pseudognaphalium stramineum),Chilean Cudweed (Pseudognaphalium stramineum),Chilean Cudweed (Pseudognaphalium stramineum),Chilean Cudweed (Pseudognaphalium stramineum),Perennial herb,2.3 ft tall,"Cream, White","Spring, Summer, Fall",,"Cremastobombycia grindeliella

*
American Lady
Vanessa virginiensis

*
White-lined Sphinx
Hyles lineata

*
Everlasting Tebenna Moth
Tebenna gnaphaliella

*
Hellinsia phoebus

*
Scrobipalpula psilella",Cremastobombycia grindeliella
Broadfruit Bur-reed (Sparganium eurycarpum),Broadfruit Bur-reed (Sparganium eurycarpum),Broadfruit Bur-reed (Sparganium eurycarpum),Broadfruit Bur-reed (Sparganium eurycarpum),Broadfruit Bur-reed (Sparganium eurycarpum),Broadfruit Bur-reed (Sparganium eurycarpum),Broadfruit Bur-reed (Sparganium eurycarpum),Perennial herb,5 ft tall,Upright,Moderate,Green,,"*
White-lined Sphinx
Hyles lineata

*
Cattail Border Moth
Bellura obliqua"
Annual Hair Grass (Deschampsia danthonioides),Annual Hair Grass (Deschampsia danthonioides),Annual Hair Grass (Deschampsia danthonioides),Annual Hair Grass (Deschampsia danthonioides),Annual Hair Grass (Deschampsia danthonioides),Annual Hair Grass (Deschampsia danthonioides),Annual Hair Grass (Deschampsia danthonioides),Grasses,1.3 - 2 ft tall,Upright,Moderate,Yellow,Spring,
Whitetip Clover (Trifolium variegatum),Whitetip Clover (Trifolium variegatum),Whitetip Clover (Trifolium variegatum),Whitetip Clover (Trifolium variegatum),Whitetip Clover (Trifolium variegatum),Whitetip Clover (Trifolium variegatum),Whitetip Clover (Trifolium variegatum),Annual herb,,"*
Gray Hairstreak
Strymon melinus

*
Orange Sulphur
Colias eurytheme

*
Southern Dogface
Zerene cesonia

*
Shasta Blue
Icaricia shasta

*
Greenish Blue
Icaricia saepiolus

*
Persius Duskywing
Erynnis persius","Gray Hairstreak
Strymon melinus","Orange Sulphur
Colias eurytheme","Southern Dogface
Zerene cesonia","Shasta Blue
Icaricia shasta"
Chufa Sedge (Cyperus esculentus),Chufa Sedge (Cyperus esculentus),Chufa Sedge (Cyperus esculentus),Chufa Sedge (Cyperus esculentus),Chufa Sedge (Cyperus esculentus),Chufa Sedge (Cyperus esculentus),Chufa Sedge (Cyperus esculentus),Grasses,8.4 in tall,Upright,Fast,Green,Summer,
Pygmy-weed (Crassula connata),Pygmy-weed (Crassula connata),Pygmy-weed (Crassula connata),Pygmy-weed (Crassula connata),Pygmy-weed (Crassula connata),Pygmy-weed (Crassula connata),Pygmy-weed (Crassula connata),"Annual herb, Succulent",0.8 - 4 in tall,,"*
White-lined Sphinx
Hyles lineata

*
Yellowstriped Armyworm Moth
Spodoptera ornithogalli","White-lined Sphinx
Hyles lineata","Yellowstriped Armyworm Moth
Spodoptera ornithogalli",Carried by 1
Pink Cudweed (Pseudognaphalium ramosissimum),Pink Cudweed (Pseudognaphalium ramosissimum),Pink Cudweed (Pseudognaphalium ramosissimum),Pink Cudweed (Pseudognaphalium ramosissimum),Pink Cudweed (Pseudognaphalium ramosissimum),Pink Cudweed (Pseudognaphalium ramosissimum),Pink Cudweed (Pseudognaphalium ramosissimum),Perennial herb,"Cream, White",,"*
American Lady
Vanessa virginiensis

*
White-lined Sphinx
Hyles lineata

*
Everlasting Tebenna Moth
Tebenna gnaphaliella

*
Hellinsia phoebus

*
Scrobipalpula psilella

*
Everlasting Bud Moth
Eublemma minima","American Lady
Vanessa virginiensis","White-lined Sphinx
Hyles lineata","Everlasting Tebenna Moth
Tebenna gnaphaliella"
Indian Paintbrush (Castilleja affinis),Indian Paintbrush (Castilleja affinis),Indian Paintbrush (Castilleja affinis),Indian Paintbrush (Castilleja affinis),Indian Paintbrush (Castilleja affinis),Indian Paintbrush (Castilleja affinis),Indian Paintbrush (Castilleja affinis),"Perennial herb, Annual herb",2 ft tall,Upright,"Orange, Red, Yellow",Is a non-specific host to Leanira Checkerspot (Chlosyne leanira) and Chalcedon Checkerspot (Euphydryas chalcedona) butterflies. Also attracts many native bees.,"Leanira Checkerspot
Chlosyne leanira

Orange Tortrix Moth
Argyrotaenia franciscana

*
Common Buckeye
Junonia coenia

*
Variable Checkerspot
Euphydryas chalcedona

*
Northern Checkerspot
Chlosyne palla

*
Edith's Checkerspot
Euphydryas editha","Leanira Checkerspot
Chlosyne leanira"
Common Loosestrife (Lythrum californicum),Common Loosestrife (Lythrum californicum),Common Loosestrife (Lythrum californicum),Common Loosestrife (Lythrum californicum),Common Loosestrife (Lythrum californicum),Common Loosestrife (Lythrum californicum),Common Loosestrife (Lythrum californicum),Perennial herb,0.7 - 2 ft tall,Purple,,"*
White-lined Sphinx
Hyles lineata

*
Polyphemus moth
Antheraea polyphemus

*
Nevada Buckmoth
Hemileuca nevadensis

*
Glover's Silkmoth
Hyalophora gloveri","White-lined Sphinx
Hyles lineata","Polyphemus moth
Antheraea polyphemus"
Spike Rush (Eleocharis acicularis),Spike Rush (Eleocharis acicularis),Spike Rush (Eleocharis acicularis),Spike Rush (Eleocharis acicularis),Spike Rush (Eleocharis acicularis),Spike Rush (Eleocharis acicularis),Spike Rush (Eleocharis acicularis),Grasses,5.9 - 8.4 in tall,Upright,Moderate,White,Summer,
Coast Live Oak (Quercus agrifolia var. agrifolia),Coast Live Oak (Quercus agrifolia var. agrifolia),Coast Live Oak (Quercus agrifolia var. agrifolia),Coast Live Oak (Quercus agrifolia var. agrifolia),Coast Live Oak (Quercus agrifolia var. agrifolia),Coast Live Oak (Quercus agrifolia var. agrifolia),Coast Live Oak (Quercus agrifolia var. agrifolia),Tree,"19.7 - 82 ft tall
40 ft wide","Rounded, Upright",Moderate,Evergreen,"Cream, Green","The following butterflies use Oaks as host plant: California Sister, Propertius Duskywing, Mournful Duskywing, Golden Hairstreak, and Gold-Hunter's Hairstreak."
Parry Spikeweed (Centromadia parryi),Parry Spikeweed (Centromadia parryi),Parry Spikeweed (Centromadia parryi),Parry Spikeweed (Centromadia parryi),Parry Spikeweed (Centromadia parryi),Parry Spikeweed (Centromadia parryi),Parry Spikeweed (Centromadia parryi),Annual herb,2.3 ft tall,,"*
White-lined Sphinx
Hyles lineata

*
Spotted Straw Sun Moth
Heliothis phloxiphaga

*
Cyclophora dataria","White-lined Sphinx
Hyles lineata","Spotted Straw Sun Moth
Heliothis phloxiphaga",Cyclophora dataria
Wingscale (Atriplex canescens var. canescens),Wingscale (Atriplex canescens var. canescens),Wingscale (Atriplex canescens var. canescens),Wingscale (Atriplex canescens var. canescens),Wingscale (Atriplex canescens var. canescens),Wingscale (Atriplex canescens var. canescens),Wingscale (Atriplex canescens var. canescens),Shrub,2.6 - 7 ft tall,,"*
Common Sootywing
Pholisora catullus

*
Western Pygmy Blue
Brephidium exilis

*
Mohave Sootywing
Hesperopsis libya

*
San Emigdio Blue
Plebejus emigdionis

*
White-lined Sphinx
Hyles lineata

*
Western Tussock Moth
Orgyia vetusta","Common Sootywing
Pholisora catullus","Western Pygmy Blue
Brephidium exilis","Mohave Sootywing
Hesperopsis libya"
Menzies' Goldenbush (Isocoma menziesii var. sedoides),Menzies' Goldenbush (Isocoma menziesii var. sedoides),Menzies' Goldenbush (Isocoma menziesii var. sedoides),Menzies' Goldenbush (Isocoma menziesii var. sedoides),Menzies' Goldenbush (Isocoma menziesii var. sedoides),Menzies' Goldenbush (Isocoma menziesii var. sedoides),Menzies' Goldenbush (Isocoma menziesii var. sedoides),Shrub,7 ft tall,Yellow,,"*
White-lined Sphinx
Hyles lineata

*
Orange Tortrix Moth
Argyrotaenia franciscana

*
Sonia vovana

*
Diastictis sperryorum

*
Snakeweed Borer
Pelochrista ridingsana

*
Dejongia californicus","White-lined Sphinx
Hyles lineata","Orange Tortrix Moth
Argyrotaenia franciscana"
Large Flowered Sand Spurry (Spergularia macrotheca),Large Flowered Sand Spurry (Spergularia macrotheca),Large Flowered Sand Spurry (Spergularia macrotheca),Large Flowered Sand Spurry (Spergularia macrotheca),Large Flowered Sand Spurry (Spergularia macrotheca),Large Flowered Sand Spurry (Spergularia macrotheca),Large Flowered Sand Spurry (Spergularia macrotheca),Perennial herb,"Pink, White, Lavender, Red, Brown",,"Orange Tortrix Moth
Argyrotaenia franciscana

*
White-lined Sphinx
Hyles lineata","Orange Tortrix Moth
Argyrotaenia franciscana","White-lined Sphinx
Hyles lineata",Full Sun
Virgate Stephanomeria (Stephanomeria virgata),Virgate Stephanomeria (Stephanomeria virgata),Virgate Stephanomeria (Stephanomeria virgata),Virgate Stephanomeria (Stephanomeria virgata),Virgate Stephanomeria (Stephanomeria virgata),Virgate Stephanomeria (Stephanomeria virgata),Virgate Stephanomeria (Stephanomeria virgata),Annual herb,1.9 - 11.8 in tall,,"*
White-lined Sphinx
Hyles lineata

*
Kodiosoma fulvum

*
Cucullia eulepis

*
Schinia scarletina

*
Cucullia mcdunnoughi","White-lined Sphinx
Hyles lineata",Kodiosoma fulvum,Cucullia eulepis
American Vetch (Vicia americana ssp. americana),American Vetch (Vicia americana ssp. americana),American Vetch (Vicia americana ssp. americana),American Vetch (Vicia americana ssp. americana),American Vetch (Vicia americana ssp. americana),American Vetch (Vicia americana ssp. americana),American Vetch (Vicia americana ssp. americana),"Vine, Perennial herb",,"*
Orange Sulphur
Colias eurytheme

*
Silvery Blue
Glaucopsyche lygdamus

*
Clouded Sulphur
Colias philodice

*
Queen Alexandra's Sulphur
Colias alexandra

*
Northern Cloudywing
Thorybes pylades

*
Anna's Blue
Plebejus anna","Orange Sulphur
Colias eurytheme","Silvery Blue
Glaucopsyche lygdamus","Clouded Sulphur
Colias philodice","Queen Alexandra's Sulphur
Colias alexandra"
Coast Indian Paintbrush (Castilleja affinis ssp. affinis),Coast Indian Paintbrush (Castilleja affinis ssp. affinis),Coast Indian Paintbrush (Castilleja affinis ssp. affinis),Coast Indian Paintbrush (Castilleja affinis ssp. affinis),Coast Indian Paintbrush (Castilleja affinis ssp. affinis),Coast Indian Paintbrush (Castilleja affinis ssp. affinis),Coast Indian Paintbrush (Castilleja affinis ssp. affinis),"Perennial herb, Annual herb",2 ft tall,Orange,,"*
Common Buckeye
Junonia coenia

*
Variable Checkerspot
Euphydryas chalcedona

*
Northern Checkerspot
Chlosyne palla

*
Edith's Checkerspot
Euphydryas editha

*
Leanira Checkerspot
Chlosyne leanira

*
Anicia Checkerspot
Euphydryas anicia","Common Buckeye
Junonia coenia","Variable Checkerspot
Euphydryas chalcedona"
Menzies' Goldenbush (Isocoma menziesii var. menziesii),Menzies' Goldenbush (Isocoma menziesii var. menziesii),Menzies' Goldenbush (Isocoma menziesii var. menziesii),Menzies' Goldenbush (Isocoma menziesii var. menziesii),Menzies' Goldenbush (Isocoma menziesii var. menziesii),Menzies' Goldenbush (Isocoma menziesii var. menziesii),Menzies' Goldenbush (Isocoma menziesii var. menziesii),Shrub,7 ft tall,Yellow,,"*
White-lined Sphinx
Hyles lineata

*
Sunflower Moth
Homoeosoma electella

*
Orange Tortrix Moth
Argyrotaenia franciscana

*
Schinia erosa

*
Sonia vovana

*
Diastictis sperryorum","White-lined Sphinx
Hyles lineata","Sunflower Moth
Homoeosoma electella"
California Spineflower (Mucronea californica),California Spineflower (Mucronea californica),California Spineflower (Mucronea californica),California Spineflower (Mucronea californica),California Spineflower (Mucronea californica),California Spineflower (Mucronea californica),California Spineflower (Mucronea californica),Annual herb,0.1 - 1.6 ft tall,,"Small Blue
Philotiella speciosa

*
White-lined Sphinx
Hyles lineata","Small Blue
Philotiella speciosa","White-lined Sphinx
Hyles lineata",Full Sun
Toad Rush (Juncus bufonius var. bufonius),Toad Rush (Juncus bufonius var. bufonius),Toad Rush (Juncus bufonius var. bufonius),Toad Rush (Juncus bufonius var. bufonius),Toad Rush (Juncus bufonius var. bufonius),Toad Rush (Juncus bufonius var. bufonius),Toad Rush (Juncus bufonius var. bufonius),Grasses,1 ft tall,Brown,,"*
White-lined Sphinx
Hyles lineata

*
Streaked Coleophora Moth
Coleophora cratipennella

*
Red Swordgrass Moth
Xylena nupera

*
Yellow-Collared Scape Moth
Cisseps fulvicollis

*
Javelin Moth
Bactra verutana

*
Mottled Marble
Bactra furfurana","White-lined Sphinx
Hyles lineata","Streaked Coleophora Moth
Coleophora cratipennella"
Western Tansymustard (Descurainia pinnata),Western Tansymustard (Descurainia pinnata),Western Tansymustard (Descurainia pinnata),Western Tansymustard (Descurainia pinnata),Western Tansymustard (Descurainia pinnata),Western Tansymustard (Descurainia pinnata),Western Tansymustard (Descurainia pinnata),Annual herb,Yellow,,"Sara Orangetip
Anthocharis sara

Becker's White
Pontia beckerii

Desert Orangetip
Anthocharis cethura

Pearly Marble
Euchloe hyantis

Anthocharis thoosa

*
Checkered White
Pontia protodice","Sara Orangetip
Anthocharis sara","Becker's White
Pontia beckerii","Desert Orangetip
Anthocharis cethura"
Western Marsh Cudweed (Gnaphalium palustre),Western Marsh Cudweed (Gnaphalium palustre),Western Marsh Cudweed (Gnaphalium palustre),Western Marsh Cudweed (Gnaphalium palustre),Western Marsh Cudweed (Gnaphalium palustre),Western Marsh Cudweed (Gnaphalium palustre),Western Marsh Cudweed (Gnaphalium palustre),Annual herb,11.8 in tall,Brown,,"American Lady
Vanessa virginiensis

*
White-lined Sphinx
Hyles lineata

*
Orange Tortrix Moth
Argyrotaenia franciscana

*
Egira hiemalis

*
Everlasting Tebenna Moth
Tebenna gnaphaliella

*
Hellinsia phoebus","American Lady
Vanessa virginiensis","White-lined Sphinx
Hyles lineata"
Common Goldfields (Lasthenia gracilis),Common Goldfields (Lasthenia gracilis),Common Goldfields (Lasthenia gracilis),Common Goldfields (Lasthenia gracilis),Common Goldfields (Lasthenia gracilis),Common Goldfields (Lasthenia gracilis),Common Goldfields (Lasthenia gracilis),Annual herb,Yellow,,"*
White-lined Sphinx
Hyles lineata

*
Small Heliothodes Moth
Heliothodes diminutivus","White-lined Sphinx
Hyles lineata","Small Heliothodes Moth
Heliothodes diminutivus",Carried by 1
Least Pepperweed (Lepidium virginicum),Least Pepperweed (Lepidium virginicum),Least Pepperweed (Lepidium virginicum),Least Pepperweed (Lepidium virginicum),Least Pepperweed (Lepidium virginicum),Least Pepperweed (Lepidium virginicum),Least Pepperweed (Lepidium virginicum),Annual herb,0.33 - 1.6 ft tall,"White, Green",,"Checkered White
Pontia protodice

Pearly Marble
Euchloe hyantis

*
Becker's White
Pontia beckerii

*
Western White
Pontia occidentalis

*
Large Marble
Euchloe ausonides

*
Desert Marble
Euchloe lotta","Checkered White
Pontia protodice","Pearly Marble
Euchloe hyantis"
Small Wirelettuce (Stephanomeria exigua),Small Wirelettuce (Stephanomeria exigua),Small Wirelettuce (Stephanomeria exigua),Small Wirelettuce (Stephanomeria exigua),Small Wirelettuce (Stephanomeria exigua),Small Wirelettuce (Stephanomeria exigua),Small Wirelettuce (Stephanomeria exigua),Annual herb,,"*
White-lined Sphinx
Hyles lineata

*
Kodiosoma fulvum

*
Cucullia eulepis

*
Schinia scarletina

*
Cucullia mcdunnoughi","White-lined Sphinx
Hyles lineata",Kodiosoma fulvum,Cucullia eulepis,Schinia scarletina
Chaparral Dodder (Cuscuta californica),Chaparral Dodder (Cuscuta californica),Chaparral Dodder (Cuscuta californica),Chaparral Dodder (Cuscuta californica),Chaparral Dodder (Cuscuta californica),Chaparral Dodder (Cuscuta californica),Chaparral Dodder (Cuscuta californica),"Vine, Annual herb",White,,"*
The Brown Elfin
Callophrys augustinus

*
White-lined Sphinx
Hyles lineata

*
Chrysanthemum Flower Borer
Lorita scarificata","The Brown Elfin
Callophrys augustinus","White-lined Sphinx
Hyles lineata","Chrysanthemum Flower Borer
Lorita scarificata"
Cowbag Clover (Trifolium depauperatum),Cowbag Clover (Trifolium depauperatum),Cowbag Clover (Trifolium depauperatum),Cowbag Clover (Trifolium depauperatum),Cowbag Clover (Trifolium depauperatum),Cowbag Clover (Trifolium depauperatum),Cowbag Clover (Trifolium depauperatum),Annual herb,Evergreen,"Pink, White, Purple",,"*
Gray Hairstreak
Strymon melinus

*
Orange Sulphur
Colias eurytheme

*
Southern Dogface
Zerene cesonia

*
Shasta Blue
Icaricia shasta

*
Greenish Blue
Icaricia saepiolus

*
Persius Duskywing
Erynnis persius","Gray Hairstreak
Strymon melinus","Orange Sulphur
Colias eurytheme"
Neckweed (Veronica peregrina),Neckweed (Veronica peregrina),Neckweed (Veronica peregrina),Neckweed (Veronica peregrina),Neckweed (Veronica peregrina),Neckweed (Veronica peregrina),Neckweed (Veronica peregrina),Annual herb,11.8 in tall,,"*
Common Buckeye
Junonia coenia

*
Variable Checkerspot
Euphydryas chalcedona

*
White-lined Sphinx
Hyles lineata

*
Verbena Bud Moth
Endothenia hebesana

*
Strawberry Crown Moth
Synanthedon bibionipennis","Common Buckeye
Junonia coenia","Variable Checkerspot
Euphydryas chalcedona","White-lined Sphinx
Hyles lineata"
Green-leaved Dune Goldenbush (Isocoma menziesii var. vernonioides),Green-leaved Dune Goldenbush (Isocoma menziesii var. vernonioides),Green-leaved Dune Goldenbush (Isocoma menziesii var. vernonioides),Green-leaved Dune Goldenbush (Isocoma menziesii var. vernonioides),Green-leaved Dune Goldenbush (Isocoma menziesii var. vernonioides),Green-leaved Dune Goldenbush (Isocoma menziesii var. vernonioides),Green-leaved Dune Goldenbush (Isocoma menziesii var. vernonioides),Shrub,Yellow,,"*
White-lined Sphinx
Hyles lineata

*
Sunflower Moth
Homoeosoma electella

*
Orange Tortrix Moth
Argyrotaenia franciscana

*
Schinia erosa

*
Sonia vovana

*
Diastictis sperryorum","White-lined Sphinx
Hyles lineata","Sunflower Moth
Homoeosoma electella","Orange Tortrix Moth
Argyrotaenia franciscana"
Purslane Speedwell (Veronica peregrina ssp. xalapensis),Purslane Speedwell (Veronica peregrina ssp. xalapensis),Purslane Speedwell (Veronica peregrina ssp. xalapensis),Purslane Speedwell (Veronica peregrina ssp. xalapensis),Purslane Speedwell (Veronica peregrina ssp. xalapensis),Purslane Speedwell (Veronica peregrina ssp. xalapensis),Purslane Speedwell (Veronica peregrina ssp. xalapensis),Annual herb,,"*
Common Buckeye
Junonia coenia

*
Variable Checkerspot
Euphydryas chalcedona

*
White-lined Sphinx
Hyles lineata

*
Verbena Bud Moth
Endothenia hebesana

*
Strawberry Crown Moth
Synanthedon bibionipennis","Common Buckeye
Junonia coenia","Variable Checkerspot
Euphydryas chalcedona","White-lined Sphinx
Hyles lineata","Verbena Bud Moth
Endothenia hebesana"
Pineapple Weed (Matricaria discoidea),Pineapple Weed (Matricaria discoidea),Pineapple Weed (Matricaria discoidea),Pineapple Weed (Matricaria discoidea),Pineapple Weed (Matricaria discoidea),Pineapple Weed (Matricaria discoidea),Pineapple Weed (Matricaria discoidea),Annual herb,,"*
White-lined Sphinx
Hyles lineata

*
Sunflower Moth
Homoeosoma electella","White-lined Sphinx
Hyles lineata","Sunflower Moth
Homoeosoma electella","Annual Precipitation: 5.8"" - 96.8"", Summer Precipitation: 0.14"" - 3.60"", Coldest Month: 25.6"" - 56.6"", Hottest Month: 52.0"" - 80.4"", Humidity: 0.01"" - 30.60"", Elevation: -4"" - 8135""","Common Names: Disc Mayweed, Pineappleweed, Rayless Chamomile"
Horseweed (Erigeron canadensis),Horseweed (Erigeron canadensis),Horseweed (Erigeron canadensis),Horseweed (Erigeron canadensis),Horseweed (Erigeron canadensis),Horseweed (Erigeron canadensis),Horseweed (Erigeron canadensis),Annual herb,4.9 ft tall,"White, Yellow",,"*
Northern Checkerspot
Chlosyne palla

*
Gabb's Checkerspot
Chlosyne gabbii

*
Pearl Crescent
Phyciodes tharos

*
Sierra Nevada Checkerspot
Chlosyne whitneyi

*
White-lined Sphinx
Hyles lineata

*
Wavy-Lined Emerald
Synchlora aerata","Northern Checkerspot
Chlosyne palla","Gabb's Checkerspot
Chlosyne gabbii"
Short Woollyheads (Psilocarphus brevissimus),Short Woollyheads (Psilocarphus brevissimus),Short Woollyheads (Psilocarphus brevissimus),Short Woollyheads (Psilocarphus brevissimus),Short Woollyheads (Psilocarphus brevissimus),Short Woollyheads (Psilocarphus brevissimus),Short Woollyheads (Psilocarphus brevissimus),Annual herb,1.2 in tall,,"*
White-lined Sphinx
Hyles lineata","White-lined Sphinx
Hyles lineata","Annual Precipitation: 6.6"" - 122.2"", Summer Precipitation: 0.15"" - 3.67"", Coldest Month: 27.7"" - 56.1"", Hottest Month: 56.8"" - 80.9"", Humidity: 0.39"" - 29.29"", Elevation: 4"" - 7635""","Common Names: Woolly Heads, Woolly Marbles"
Denseflower Indian Paintbrush (Castilleja densiflora),Denseflower Indian Paintbrush (Castilleja densiflora),Denseflower Indian Paintbrush (Castilleja densiflora),Denseflower Indian Paintbrush (Castilleja densiflora),Denseflower Indian Paintbrush (Castilleja densiflora),Denseflower Indian Paintbrush (Castilleja densiflora),Denseflower Indian Paintbrush (Castilleja densiflora),Annual Herb,0.33 - 1.3 ft tall,Purple,,"Variable Checkerspot
Euphydryas chalcedona

Edith's Checkerspot
Euphydryas editha

*
Common Buckeye
Junonia coenia

*
Northern Checkerspot
Chlosyne palla

*
Leanira Checkerspot
Chlosyne leanira

*
Anicia Checkerspot
Euphydryas anicia","Variable Checkerspot
Euphydryas chalcedona","Edith's Checkerspot
Euphydryas editha"
Little Willowherb (Epilobium minutum),Little Willowherb (Epilobium minutum),Little Willowherb (Epilobium minutum),Little Willowherb (Epilobium minutum),Little Willowherb (Epilobium minutum),Little Willowherb (Epilobium minutum),Little Willowherb (Epilobium minutum),Annual herb,1.3 ft tall,"White, Purple",,"*
White-lined Sphinx
Hyles lineata

*
Black-Banded Carpet
Antepirrhoe semiatrata

*
Elegant Aristotelia Moth
Aristotelia elegantella

*
Yellow-Banded Day Sphinx
Proserpinus flavofasciata

*
Ornate Moth
Utetheisa ornatrix

*
Clark's Day Sphinx Moth
Proserpinus clarkiae","White-lined Sphinx
Hyles lineata","Black-Banded Carpet
Antepirrhoe semiatrata"
Procumbent Pigweed (Amaranthus blitoides),Procumbent Pigweed (Amaranthus blitoides),Procumbent Pigweed (Amaranthus blitoides),Procumbent Pigweed (Amaranthus blitoides),Procumbent Pigweed (Amaranthus blitoides),Procumbent Pigweed (Amaranthus blitoides),Procumbent Pigweed (Amaranthus blitoides),Annual herb,,"*
Common Sootywing
Pholisora catullus

*
White-lined Sphinx
Hyles lineata

*
Armyworm Moth
Mythimna unipuncta

*
Subterranean Dart
Feltia subterranea

*
Ipsilon Dart
Agrotis ipsilon

*
Corn Earworm Moth
Helicoverpa zea","Common Sootywing
Pholisora catullus","White-lined Sphinx
Hyles lineata","Armyworm Moth
Mythimna unipuncta","Subterranean Dart
Feltia subterranea"
Cobwebby Thistle (Cirsium occidentale var. occidentale),Cobwebby Thistle (Cirsium occidentale var. occidentale),Cobwebby Thistle (Cirsium occidentale var. occidentale),Cobwebby Thistle (Cirsium occidentale var. occidentale),Cobwebby Thistle (Cirsium occidentale var. occidentale),Cobwebby Thistle (Cirsium occidentale var. occidentale),Cobwebby Thistle (Cirsium occidentale var. occidentale),Perennial herb,"Pink, Purple",,"*
Painted Lady
Vanessa cardui

*
Mylitta Crescent
Phyciodes mylitta

*
California Crescent
Phyciodes orseis

*
White-lined Sphinx
Hyles lineata

*
Bilobed Looper Moth
Megalographa biloba

*
Sweetclover Root Borer Moth
Walshia miscecolorella","Painted Lady
Vanessa cardui","Mylitta Crescent
Phyciodes mylitta","California Crescent
Phyciodes orseis"
Blue Toadflax (Nuttallanthus texanus),Blue Toadflax (Nuttallanthus texanus),Blue Toadflax (Nuttallanthus texanus),Blue Toadflax (Nuttallanthus texanus),Blue Toadflax (Nuttallanthus texanus),Blue Toadflax (Nuttallanthus texanus),Blue Toadflax (Nuttallanthus texanus),"Perennial herb, Annual herb",0.33 - 2 ft tall,,"*
White-lined Sphinx
Hyles lineata

*
Scribbled Sallow
Sympistis perscripta

*
Corn Earworm Moth
Helicoverpa zea","White-lined Sphinx
Hyles lineata","Scribbled Sallow
Sympistis perscripta","Corn Earworm Moth
Helicoverpa zea"
Foothill Deervetch (Acmispon brachycarpus),Foothill Deervetch (Acmispon brachycarpus),Foothill Deervetch (Acmispon brachycarpus),Foothill Deervetch (Acmispon brachycarpus),Foothill Deervetch (Acmispon brachycarpus),Foothill Deervetch (Acmispon brachycarpus),Foothill Deervetch (Acmispon brachycarpus),Annual Herb,0.16 - 1.3 ft tall,Yellow,,"*
Orange Sulphur
Colias eurytheme

*
Avalon Hairstreak
Strymon avalona

*
White-lined Sphinx
Hyles lineata","Orange Sulphur
Colias eurytheme","Avalon Hairstreak
Strymon avalona"
Chilean Bird's-foot Trefoil (Acmispon wrangelianus),Chilean Bird's-foot Trefoil (Acmispon wrangelianus),Chilean Bird's-foot Trefoil (Acmispon wrangelianus),Chilean Bird's-foot Trefoil (Acmispon wrangelianus),Chilean Bird's-foot Trefoil (Acmispon wrangelianus),Chilean Bird's-foot Trefoil (Acmispon wrangelianus),Chilean Bird's-foot Trefoil (Acmispon wrangelianus),Annual Herb,1.9 - 11.8 in tall,Yellow,,"*
Orange Sulphur
Colias eurytheme

*
Avalon Hairstreak
Strymon avalona

*
White-lined Sphinx
Hyles lineata","Orange Sulphur
Colias eurytheme","Avalon Hairstreak
Strymon avalona"
Seaside Fiddleneck (Amsinckia spectabilis),Seaside Fiddleneck (Amsinckia spectabilis),Seaside Fiddleneck (Amsinckia spectabilis),Seaside Fiddleneck (Amsinckia spectabilis),Seaside Fiddleneck (Amsinckia spectabilis),Seaside Fiddleneck (Amsinckia spectabilis),Seaside Fiddleneck (Amsinckia spectabilis),Annual herb,0.7 - 3.9 ft tall,Yellow,,"*
Painted Lady
Vanessa cardui

*
White-lined Sphinx
Hyles lineata

*
Alfalfa Looper Moth
Autographa californica","Painted Lady
Vanessa cardui","White-lined Sphinx
Hyles lineata"
Water Pygmyweed (Crassula aquatica),Water Pygmyweed (Crassula aquatica),Water Pygmyweed (Crassula aquatica),Water Pygmyweed (Crassula aquatica),Water Pygmyweed (Crassula aquatica),Water Pygmyweed (Crassula aquatica),Water Pygmyweed (Crassula aquatica),"Annual herb, Succulent","Yellow, Purple, Red",,"*
White-lined Sphinx
Hyles lineata

*
Yellowstriped Armyworm Moth
Spodoptera ornithogalli","White-lined Sphinx
Hyles lineata","Yellowstriped Armyworm Moth
Spodoptera ornithogalli","Annual Precipitation: 9.2"" - 79.4"", Summer Precipitation: 0.17"" - 2.73"", Coldest Month: 22.2"" - 56.1"", Hottest Month: 40.8"" - 80.9"", Humidity: 0.19"" - 29.27"", Elevation: 0"" - 11840"""
Fremont's Goldfields (Lasthenia fremontii),Fremont's Goldfields (Lasthenia fremontii),Fremont's Goldfields (Lasthenia fremontii),Fremont's Goldfields (Lasthenia fremontii),Fremont's Goldfields (Lasthenia fremontii),Fremont's Goldfields (Lasthenia fremontii),Fremont's Goldfields (Lasthenia fremontii),"Annual herb, Perennial herb",1.2 ft tall,Yellow,,"*
White-lined Sphinx
Hyles lineata

*
Small Heliothodes Moth
Heliothodes diminutivus","White-lined Sphinx
Hyles lineata","Small Heliothodes Moth
Heliothodes diminutivus"
Coulter's Goldfields (Lasthenia glabrata ssp. coulteri),Coulter's Goldfields (Lasthenia glabrata ssp. coulteri),Coulter's Goldfields (Lasthenia glabrata ssp. coulteri),Coulter's Goldfields (Lasthenia glabrata ssp. coulteri),Coulter's Goldfields (Lasthenia glabrata ssp. coulteri),Coulter's Goldfields (Lasthenia glabrata ssp. coulteri),Coulter's Goldfields (Lasthenia glabrata ssp. coulteri),Annual herb,Yellow,,"*
White-lined Sphinx
Hyles lineata

*
Small Heliothodes Moth
Heliothodes diminutivus","White-lined Sphinx
Hyles lineata","Small Heliothodes Moth
Heliothodes diminutivus","Annual Precipitation: 3.3"" - 29.3"", Summer Precipitation: 0.16"" - 1.99"", Coldest Month: 42.1"" - 56.6"", Hottest Month: 61.8"" - 83.3"", Humidity: 0.93"" - 35.15"", Elevation: -5"" - 4389"""
California Seablite (Suaeda californica),California Seablite (Suaeda californica),California Seablite (Suaeda californica),California Seablite (Suaeda californica),California Seablite (Suaeda californica),California Seablite (Suaeda californica),California Seablite (Suaeda californica),Shrub,1 - 2.6 ft tall,,"Western Pygmy Blue
Brephidium exilis

*
White-lined Sphinx
Hyles lineata","Western Pygmy Blue
Brephidium exilis","White-lined Sphinx
Hyles lineata","Annual Precipitation: 7.0"" - 28.2"", Summer Precipitation: 0.15"" - 0.42"", Coldest Month: 46.8"" - 57.4"", Hottest Month: 62.3"" - 77.3"", Humidity: 0.91"" - 25.35"", Elevation: -1"" - 1456"""
Grassland Tarweed (Deinandra increscens),Grassland Tarweed (Deinandra increscens),Grassland Tarweed (Deinandra increscens),Grassland Tarweed (Deinandra increscens),Grassland Tarweed (Deinandra increscens),Grassland Tarweed (Deinandra increscens),Grassland Tarweed (Deinandra increscens),Annual herb,3.3 ft tall,Yellow,,"*
White-lined Sphinx
Hyles lineata","White-lined Sphinx
Hyles lineata","Annual Precipitation: 11.8"" - 46.1"", Summer Precipitation: 0.14"" - 0.39"", Coldest Month: 45.7"" - 54.6"", Hottest Month: 59.1"" - 75.1"", Humidity: 0.47"" - 22.35"", Elevation: -228"" - 3193"""
Beach Suncup (Camissoniopsis cheiranthifolia ssp. suffruticosa),Beach Suncup (Camissoniopsis cheiranthifolia ssp. suffruticosa),Beach Suncup (Camissoniopsis cheiranthifolia ssp. suffruticosa),Beach Suncup (Camissoniopsis cheiranthifolia ssp. suffruticosa),Beach Suncup (Camissoniopsis cheiranthifolia ssp. suffruticosa),Beach Suncup (Camissoniopsis cheiranthifolia ssp. suffruticosa),Beach Suncup (Camissoniopsis cheiranthifolia ssp. suffruticosa),Perennial herb,Yellow,,"*
White-lined Sphinx
Hyles lineata

*
Pacific Green Sphinx Moth
Proserpinus lucidus

*
Phaeton Primrose Sphinx Moth
Euproserpinus phaeton

*
Ridings' Forester Moth
Alypia ridingsii","White-lined Sphinx
Hyles lineata","Pacific Green Sphinx Moth
Proserpinus lucidus","Phaeton Primrose Sphinx Moth
Euproserpinus phaeton"
Salt Dodder (Cuscuta salina),Salt Dodder (Cuscuta salina),Salt Dodder (Cuscuta salina),Salt Dodder (Cuscuta salina),Salt Dodder (Cuscuta salina),Salt Dodder (Cuscuta salina),Salt Dodder (Cuscuta salina),"Vine, Annual herb",White,,"*
The Brown Elfin
Callophrys augustinus

*
White-lined Sphinx
Hyles lineata

*
Chrysanthemum Flower Borer
Lorita scarificata","The Brown Elfin
Callophrys augustinus","White-lined Sphinx
Hyles lineata","Chrysanthemum Flower Borer
Lorita scarificata"
Owl's Clover (Castilleja densiflora ssp. densiflora),Owl's Clover (Castilleja densiflora ssp. densiflora),Owl's Clover (Castilleja densiflora ssp. densiflora),Owl's Clover (Castilleja densiflora ssp. densiflora),Owl's Clover (Castilleja densiflora ssp. densiflora),Owl's Clover (Castilleja densiflora ssp. densiflora),Owl's Clover (Castilleja densiflora ssp. densiflora),Annual Herb,Purple,,"*
Common Buckeye
Junonia coenia

*
Variable Checkerspot
Euphydryas chalcedona

*
Northern Checkerspot
Chlosyne palla

*
Edith's Checkerspot
Euphydryas editha

*
Leanira Checkerspot
Chlosyne leanira

*
Anicia Checkerspot
Euphydryas anicia","Common Buckeye
Junonia coenia","Variable Checkerspot
Euphydryas chalcedona","Northern Checkerspot
Chlosyne palla"
Coastal Button-celery (Eryngium armatum),Coastal Button-celery (Eryngium armatum),Coastal Button-celery (Eryngium armatum),Coastal Button-celery (Eryngium armatum),Coastal Button-celery (Eryngium armatum),Coastal Button-celery (Eryngium armatum),Coastal Button-celery (Eryngium armatum),Perennial herb,,"*
White-lined Sphinx
Hyles lineata

*
Agonopterix oregonensis","White-lined Sphinx
Hyles lineata",Agonopterix oregonensis,"Annual Precipitation: 14.7"" - 51.5"", Summer Precipitation: 0.20"" - 0.88"", Coldest Month: 40.4"" - 51.6"", Hottest Month: 58.2"" - 72.6"", Humidity: 0.02"" - 18.42"", Elevation: -17"" - 1337""",Common Names: Coastal Eryngo
Field Dodder (Cuscuta campestris),Field Dodder (Cuscuta campestris),Field Dodder (Cuscuta campestris),Field Dodder (Cuscuta campestris),Field Dodder (Cuscuta campestris),Field Dodder (Cuscuta campestris),Field Dodder (Cuscuta campestris),"Vine, Annual herb",,"*
The Brown Elfin
Callophrys augustinus

*
White-lined Sphinx
Hyles lineata

*
Chrysanthemum Flower Borer
Lorita scarificata","The Brown Elfin
Callophrys augustinus","White-lined Sphinx
Hyles lineata","Chrysanthemum Flower Borer
Lorita scarificata","Annual Precipitation: 2.7"" - 70.3"", Summer Precipitation: 0.17"" - 1.85"", Coldest Month: 30.4"" - 60.0"", Hottest Month: 57.0"" - 88.4"", Humidity: 0.51"" - 40.72"", Elevation: -2229"" - 5647"""
Bearded Sprangletop (Lasthenia conjugens),Bearded Sprangletop (Lasthenia conjugens),Bearded Sprangletop (Lasthenia conjugens),Bearded Sprangletop (Lasthenia conjugens),Bearded Sprangletop (Lasthenia conjugens),Bearded Sprangletop (Lasthenia conjugens),Bearded Sprangletop (Lasthenia conjugens),Annual herb,Yellow,,"*
White-lined Sphinx
Hyles lineata

*
Small Heliothodes Moth
Heliothodes diminutivus","White-lined Sphinx
Hyles lineata","Small Heliothodes Moth
Heliothodes diminutivus","Annual Precipitation: 14.4"" - 39.1"", Summer Precipitation: 0.19"" - 0.67"", Coldest Month: 46.0"" - 51.5"", Hottest Month: 58.7"" - 73.3"", Humidity: 0.52"" - 19.67"", Elevation: 4"" - 674"""
Wavy-stemmed Popcornflower (Malacothrix saxatilis var. tenuifolia),Wavy-stemmed Popcornflower (Malacothrix saxatilis var. tenuifolia),Wavy-stemmed Popcornflower (Malacothrix saxatilis var. tenuifolia),Wavy-stemmed Popcornflower (Malacothrix saxatilis var. tenuifolia),Wavy-stemmed Popcornflower (Malacothrix saxatilis var. tenuifolia),Wavy-stemmed Popcornflower (Malacothrix saxatilis var. tenuifolia),Wavy-stemmed Popcornflower (Malacothrix saxatilis var. tenuifolia),Perennial herb,"Lavender, Yellow, White",,"*
White-lined Sphinx
Hyles lineata

*
Alfalfa Looper Moth
Autographa californica

*
Heliolonche pictipennis

*
Cucullia comstocki

*
Heliolonche joaquinensis","White-lined Sphinx
Hyles lineata","Alfalfa Looper Moth
Autographa californica",Heliolonche pictipennis
Southern Tarplant (Plagiobothrys undulatus),Southern Tarplant (Plagiobothrys undulatus),Southern Tarplant (Plagiobothrys undulatus),Southern Tarplant (Plagiobothrys undulatus),Southern Tarplant (Plagiobothrys undulatus),Southern Tarplant (Plagiobothrys undulatus),Southern Tarplant (Plagiobothrys undulatus),Annual herb,0.33 - 1.3 ft tall,,"*
White-lined Sphinx
Hyles lineata

*
Ethmia plagiobothrae","White-lined Sphinx
Hyles lineata",Ethmia plagiobothrae,"Annual Precipitation: 10.9"" - 45.8"", Summer Precipitation: 0.16"" - 1.63"", Coldest Month: 30.2"" - 53.8"", Hottest Month: 55.0"" - 80.6"", Humidity: 0.44"" - 27.66"", Elevation: 12"" - 6008"""
Leather-spineflower (Centromadia parryi ssp. australis),Leather-spineflower (Centromadia parryi ssp. australis),Leather-spineflower (Centromadia parryi ssp. australis),Leather-spineflower (Centromadia parryi ssp. australis),Leather-spineflower (Centromadia parryi ssp. australis),Leather-spineflower (Centromadia parryi ssp. australis),Leather-spineflower (Centromadia parryi ssp. australis),Annual herb,,"*
White-lined Sphinx
Hyles lineata","White-lined Sphinx
Hyles lineata",Bee Gardens,"Annual Precipitation: 10.7"" - 29.3"", Summer Precipitation: 0.18"" - 0.79"", Coldest Month: 46.6"" - 56.5"", Hottest Month: 63.9"" - 79.4"", Humidity: 1.07"" - 25.26"", Elevation: 1"" - 4182""","Common Names: Pappose Tarweed, Spikeweed"
